Datetime,Water Level (m)
2026-02-07 00:00:00,0.102780074
2026-02-07 01:00:00,0.06293834
2026-02-07 02:00:00,-0.029701326
2026-02-07 03:00:00,-0.1090643
2026-02-07 04:00:00,-0.18596
2026-02-07 05:00:00,-0.27222002
2026-02-07 06:00:00,-0.33666193
2026-02-07 07:00:00,-0.39115283
2026-02-07 08:00:00,-0.36887985
2026-02-07 09:00:00,-0.25920588
2026-02-07 10:00:00,-0.15251207
2026-02-07 11:00:00,-0.060505275
2026-02-07 12:00:00,0.010242223
2026-02-07 13:00:00,0.011015744
2026-02-07 14:00:00,-0.06320195
2026-02-07 15:00:00,-0.14162539
2026-02-07 16:00:00,-0.21091709
2026-02-07 17:00:00,-0.2814988
2026-02-07 18:00:00,-0.34826308
2026-02-07 19:00:00,-0.38898334
2026-02-07 20:00:00,-0.3471293
2026-02-07 21:00:00,-0.24209213
2026-02-07 22:00:00,-0.15386833
2026-02-07 23:00:00,-0.07237543
2026-02-08 00:00:00,-0.016016154
2026-02-08 01:00:00,-0.02531799
2026-02-08 02:00:00,-0.10440094
2026-02-08 03:00:00,-0.18209934
2026-02-08 04:00:00,-0.25657973
2026-02-08 05:00:00,-0.32998478
2026-02-08 06:00:00,-0.40146396
2026-02-08 07:00:00,-0.45860237
2026-02-08 08:00:00,-0.45886657
2026-02-08 09:00:00,-0.37296337
2026-02-08 10:00:00,-0.27714273
2026-02-08 11:00:00,-0.19122607
2026-02-08 12:00:00,-0.11760373
2026-02-08 13:00:00,-0.07965248
2026-02-08 14:00:00,-0.10020525
2026-02-08 15:00:00,-0.16864341
2026-02-08 16:00:00,-0.23599176
2026-02-08 17:00:00,-0.29741487
2026-02-08 18:00:00,-0.36016127
2026-02-08 19:00:00,-0.40942755
2026-02-08 20:00:00,-0.4087631
2026-02-08 21:00:00,-0.32521346
2026-02-08 22:00:00,-0.2407479
2026-02-08 23:00:00,-0.1668498
2026-02-09 00:00:00,-0.107461475
2026-02-09 01:00:00,-0.08983081
2026-02-09 02:00:00,-0.14129716
2026-02-09 03:00:00,-0.21497731
2026-02-09 04:00:00,-0.28106606
2026-02-09 05:00:00,-0.3471971
2026-02-09 06:00:00,-0.4123006
2026-02-09 07:00:00,-0.46681648
2026-02-09 08:00:00,-0.4901052
2026-02-09 09:00:00,-0.44468877
2026-02-09 10:00:00,-0.36009753
2026-02-09 11:00:00,-0.28019866
2026-02-09 12:00:00,-0.20378402
2026-02-09 13:00:00,-0.14434709
2026-02-09 14:00:00,-0.12281224
2026-02-09 15:00:00,-0.15435699
2026-02-09 16:00:00,-0.21557847
2026-02-09 17:00:00,-0.27338225
2026-02-09 18:00:00,-0.32656035
2026-02-09 19:00:00,-0.37622246
2026-02-09 20:00:00,-0.4017677
2026-02-09 21:00:00,-0.3694576
2026-02-09 22:00:00,-0.29865658
2026-02-09 23:00:00,-0.23866017
2026-02-10 00:00:00,-0.18338323
2026-02-10 01:00:00,-0.15093224
2026-02-10 02:00:00,-0.16911682
2026-02-10 03:00:00,-0.23244412
2026-02-10 04:00:00,-0.2914665
2026-02-10 05:00:00,-0.34595332
2026-02-10 06:00:00,-0.4029048
2026-02-10 07:00:00,-0.45387715
2026-02-10 08:00:00,-0.4886019
2026-02-10 09:00:00,-0.48460126
2026-02-10 10:00:00,-0.42649913
2026-02-10 11:00:00,-0.35893723
2026-02-10 12:00:00,-0.29076537
2026-02-10 13:00:00,-0.22406176
2026-02-10 14:00:00,-0.1729162
2026-02-10 15:00:00,-0.15512635
2026-02-10 16:00:00,-0.1756675
2026-02-10 17:00:00,-0.22236024
2026-02-10 18:00:00,-0.27424732
2026-02-10 19:00:00,-0.32065424
2026-02-10 20:00:00,-0.35851762
2026-02-10 21:00:00,-0.3784866
2026-02-10 22:00:00,-0.36374488
2026-02-10 23:00:00,-0.32542574
2026-02-11 00:00:00,-0.28649324
2026-02-11 01:00:00,-0.251331
2026-02-11 02:00:00,-0.23791334
2026-02-11 03:00:00,-0.26371634
2026-02-11 04:00:00,-0.3101953
2026-02-11 05:00:00,-0.35569885
2026-02-11 06:00:00,-0.40399042
2026-02-11 07:00:00,-0.45084563
2026-02-11 08:00:00,-0.49300012
2026-02-11 09:00:00,-0.5202093
2026-02-11 10:00:00,-0.51471984
2026-02-11 11:00:00,-0.4725217
2026-02-11 12:00:00,-0.4150243
2026-02-11 13:00:00,-0.35100788
2026-02-11 14:00:00,-0.28514296
2026-02-11 15:00:00,-0.23273024
2026-02-11 16:00:00,-0.197825
2026-02-11 17:00:00,-0.18839362
2026-02-11 18:00:00,-0.2093507
2026-02-11 19:00:00,-0.25290725
2026-02-11 20:00:00,-0.2987938
2026-02-11 21:00:00,-0.34074298
2026-02-11 22:00:00,-0.37775734
2026-02-11 23:00:00,-0.40410346
2026-02-12 00:00:00,-0.4088489
2026-02-12 01:00:00,-0.38622397
2026-02-12 02:00:00,-0.35455048
2026-02-12 03:00:00,-0.33305553
2026-02-12 04:00:00,-0.3253574
2026-02-12 05:00:00,-0.33396325
2026-02-12 06:00:00,-0.3599943
2026-02-12 07:00:00,-0.39822337
2026-02-12 08:00:00,-0.44349584
2026-02-12 09:00:00,-0.48765975
2026-02-12 10:00:00,-0.52570117
2026-02-12 11:00:00,-0.54915583
2026-02-12 12:00:00,-0.5406373
2026-02-12 13:00:00,-0.4842056
2026-02-12 14:00:00,-0.4135536
2026-02-12 15:00:00,-0.34021097
2026-02-12 16:00:00,-0.2679214
2026-02-12 17:00:00,-0.21009555
2026-02-12 18:00:00,-0.17248365
2026-02-12 19:00:00,-0.17472114
2026-02-12 20:00:00,-0.21299891
2026-02-12 21:00:00,-0.2702084
2026-02-12 22:00:00,-0.3250925
2026-02-12 23:00:00,-0.37943915
2026-02-13 00:00:00,-0.42845505
